{"stats":{"minecraft:used":{"minecraft:dirt":1},"minecraft:picked_up":{"minecraft:dirt":1},"minecraft:custom":{"minecraft:jump":16,"minecraft:time_since_rest":4768,"minecraft:crouch_one_cm":5,"minecraft:leave_game":2,"minecraft:play_time":4768,"minecraft:sprint_one_cm":1654,"minecraft:time_since_death":4768,"minecraft:walk_one_cm":743,"minecraft:sneak_time":120,"minecraft:total_world_time":4768,"minecraft:fall_one_cm":209,"minecraft:fly_one_cm":22427},"minecraft:mined":{"minecraft:grass":3,"minecraft:grass_block":1}},"DataVersion":3465}